name,age,hometown,current_residence,occupation
"Aaliyah Puglia",24,"Gloucester City, NJ","Providence, RI","Chef"
"Alexis Levine",34,"Atlanta, GA","Atlanta, GA","Criminal Defense Attorney"
"An ""Thien An"" Nguyen",24,"Fort Worth, TX","Fort Worth, TX","Medical Student"
"Ana Sani",34,"Richmond Hill, ON, Canada","Toronto, ON, Canada","Voice Actress"
"Angelica ""Jelly"" Loblack",29,"Garland, TX and Midwest City, OK","Bloomington, IN","Sociology Professor"
"Brady Booker",27,"La Salle, IL","Knoxville, TN","Pro Wrestler"
"Carter Krull",24,"Rock Rapids, IA","Sioux Falls, SD","Livestock Farmer"
"Cristian Chavez",26,"Salt Lake City, UT","Salt Lake City, UT","Head of HR"
"Danny Kilby",30,"Mount Forest, ON, Canada","London, ON, Canada","Game Designer"
"Devin Way",33,"Lufkin, TX","Los Angeles, CA","Actor"
"Eric Macksoud",34,"Lincoln, RI","Windsor Locks, CT","Mental Health Counselor"
"Jenna Doore",30,"Perrysburg, OH","Toledo, OH","Wedding Photographer"
"Kristin Flickinger",49,"Ketchum, ID","Santa Barbara, CA","Crisis Management"
"Lewis Kelly",28,"Dublin, Ireland","Puerto Rico, USA","Farmer"
"Linnea Capobianco",25,"Kearny, NJ","Jersey City, NJ","Entrepreneur"
"Maggie Nestor",40,"Middleway, WV","Charles Town, WV","Farmer"
"Mike Pinsky",32,"New York City","New York City","Baseball Executive"
"Ori-Jean Charles",27,"Spring Valley, NY","Spring Valley, NY","Personal Trainer"
"Patt Cannaday",33,"Tampa, FL","Washington, D.C.","Federal Prosecutor"
"Rob Antonson",40,"Johnston, RI","Cumberland, RI","Airline Gate Agent"
"Sharonda Cox",34,"Pompano Beach, FL","Richmond, KY","Resident, OBGYN"
